<?xml version="1.0" encoding="UTF-8"?>

<beans  
    xmlns="http://www.springframework.org/schema/beans"  
    xmlns:xsi="http://www.w3.org/2001/XMLSchema-instance"  
    xmlns:p="http://www.springframework.org/schema/p"  
    xsi:schemaLocation="http://www.springframework.org/schema/beans  
               http://www.springframework.org/schema/beans/spring-beans-3.0.xsd">
               
<bean id="idDataSource" class="org.springframework.jdbc.datasource.DriverManagerDataSource">
<property name ="driverClassName" value="oracle.jdbc.driver.OracleDriver"></property>
<property name ="url" value="jdbc:oracle:thin:@localhost:1521:xe"></property>
<property name ="username" value="system"></property>
<property name ="password" value="1234"></property>
</bean>

<bean id="idJdbcTemplate" class="org.springframework.jdbc.core.JdbcTemplate">
<property name ="dataSource" ref="idDataSource"></property>
</bean>

<bean id="idDao" class="com.java.flowproject4.dao.impl.DaoImpl">
<property name ="jdbcTemplate" ref="idJdbcTemplate"></property>
</bean>

<bean id="idService" class="com.java.flowproject4.service.impl.ServiceImpl">
<property name ="dao" ref="idDao"></property>
</bean>

<bean id="idController" class="com.java.flowproject4.controller.Controller">
<property name ="service" ref="idService"></property>
</bean>

</beans>